<?xml version="1.0" encoding="UTF-8"?>
<!DOCTYPE mapper
  PUBLIC "-//mybatis.org//DTD Mapper 3.0//EN"
  "http://mybatis.org/dtd/mybatis-3-mapper.dtd">
<mapper namespace="hanbang.store.mapper.EssentialInfoMapper">

	<insert id="create" parameterType="EssentialInfo">
		INSERT INTO
		essentialInfo_tb(shareHouseId, sex, floorTotalFloor, parking,
		lift,
		managementFee, buildingType)
		VALUES(#{shareHouseId}, #{sex},
		#{floorTotalFloor}, #{parking}, #{lift}, #{managementFee},
		#{buildingType})
	</insert>

	<update id="update" parameterType="EssentialInfo">
		UPDATE essentialInfo_tb
		SET
		sex
		= #{sex}, floorTotalFloor = #{floorTotalFloor}, parking = #{parking},
		lift = #{lift}, managementFee = #{managementFee}, buildingType =
		#{buildingType}
		WHERE shareHouseId = #{shareHouseId}
	</update>

	<select id="retrive" parameterType="int" resultType="EssentialInfo">
		SELECT
		shareHouseId, sex, floorTotalFloor, parking,
		lift, managementFee,
		buildingType
		FROM essentialInfo_tb
		WHERE shareHouseId = #{shareHouseId}
	</select>

	<delete id="deleteByShareHouse" parameterType="int">
		DELETE FROM
		essentialInfo_tb
		WHERE shareHouseId = #{shareHouseId}
	</delete>


</mapper>