<?xml version="1.0" encoding="UTF-8"?>
<!DOCTYPE mapper
  PUBLIC "-//mybatis.org//DTD Mapper 3.0//EN"
  "http://mybatis.org/dtd/mybatis-3-mapper.dtd">
<mapper namespace="hanbang.store.mapper.ExtraInfoMapper">

	<insert id="create" parameterType="ExtraInfo">
		INSERT INTO
		extraInfo_tb(shareHouseId, pet, smoke, facilities,
		providedGoods,
		heatingSystem)
		VALUES(#{shareHouseId}, #{pet}, #{smoke}, #{facilities},
		#{providedGoods},
		#{heatingSystem})
	</insert>

	<update id="update" parameterType="ExtraInfo">
		UPDATE extraInfo_tb
		SET
		pet =
		#{pet}, smoke = #{smoke}, facilities = #{facilities},
		providedGoods =
		#{providedGoods},
		heatingSystem = #{heatingSystem}
		WHERE shareHouseId =
		#{shareHouseId}
	</update>

	<select id="retrive" parameterType="int" resultType="extraInfo">
		SELECT
		shareHouseId, pet, smoke, facilities,
		providedGoods
		FROM extraInfo_tb
		WHERE shareHouseId = #{shareHouseId}
	</select>

	<delete id="deleteByShareHouse" parameterType="int">
		DELETE FROM
		extraInfo_tb
		WHERE shareHouseId = #{shareHouseId}
	</delete>


</mapper>