<?xml version="1.0" encoding="UTF-8"?>
<!DOCTYPE mapper
  PUBLIC "-//mybatis.org//DTD Mapper 3.0//EN"
  "http://mybatis.org/dtd/mybatis-3-mapper.dtd">

<mapper namespace="hanbang.store.mapper.HouseMapper">

	<insert id="create" parameterType="House">
		<selectKey keyProperty="houseId" resultType="int" order="BEFORE">
			SELECT HOUSEID_seq.nextval FROM dual
		</selectKey>
		INSERT INTO HOUSE_TB(
		HOUSEID , PHOTO , ADDRESS, WHOLEAREA,
		PUBLICUSAGE, BATHROOMS, ROOMS)
		VALUES (#{houseId} , #{photos} ,
		#{address}, #{wholeArea},
		#{publicUsage},
		#{bathrooms}, #{rooms})
	</insert>

	<select id="retriveByMemberId" parameterType="String"
		resultType="House">
		SELECT ADDRESS, WHOLEAREA, PUBLICUSAGE, BATHROOMS, ROOMS
		FROM HOUSE_TB
	</select>

	<select id="retrive" parameterType="int" resultType="House">
		SELECT
		PHOTO, ADDRESS, WHOLEAREA, PUBLICUSAGE, BATHROOMS, ROOMS
		FROM HOUSE_TB
		WHERE HOUSEID = (SELECT HOUSEID
		FROM sharehouse_tb
		WHERE
		house_tb.houseid = #{houseId}
		)
	</select>

	<update id="update" parameterType="House">
		UPDATE
		HOUSE_TB
		SET ADDRESS, WHOLEAREA, PUBLICUSAGE, BATHROOMS, ROOMS
		WHERE
		HOUSEID = #{houseId}
	</update>

	<delete id="delete" parameterType="int">
		DELETE FROM
		HOUSE_TB
		WHERE HOUSEID = #{houseId}
	</delete>

	<delete id="deleteByMemberId" parameterType="String">
		DELETE FROM
		HOUSE_TB
		WHERE MEMBERID =(SELECT MEMBERID
		FROM MEMBER_TB
		WHERE HOUSE_TB.MEMBERID = #{memgerId})
	</delete>


</mapper>