<?xml version="1.0" encoding="UTF-8"?>
<!DOCTYPE mapper
  PUBLIC "-//mybatis.org//DTD Mapper 3.0//EN"
  "http://mybatis.org/dtd/mybatis-3-mapper.dtd">
<mapper namespace="hanbang.store.mapper.ExtraInfoMapper">

	<insert id="create" parameterType="ExtraInfo">
		<selectKey keyProperty="extraInfoId" resultType="int" order="BEFORE">
			SELECT EXTRAINFOID_seq.nextval FROM dual
		</selectKey>
		INSERT INTO
		extraInfo_tb(extraInfoId, shareHouseId, pet, smoke)
		VALUES(#{extraInfoId}, #{shareHouseId}, #{pet},
		#{smoke})
	</insert>

	<update id="update" parameterType="ExtraInfo">
		UPDATE extraInfo_tb
		SET
		pet =
		#{pet}, smoke = #{smoke}
		WHERE
		shareHouseId =
		#{shareHouseId}
	</update>

	<select id="retrive" parameterType="int" resultType="ExtraInfo">
		SELECT
		extraInfoId, shareHouseId, pet, smoke
		FROM
		extraInfo_tb
		WHERE
		shareHouseId = #{shareHouseId}
	</select>

	<delete id="deleteByShareHouse" parameterType="int">
		DELETE FROM
		extraInfo_tb
		WHERE shareHouseId = #{shareHouseId}
	</delete>


</mapper>
