<?xml version="1.0" encoding="UTF-8"?>
<!DOCTYPE mapper
  PUBLIC "-//mybatis.org//DTD Mapper 3.0//EN"
  "http://mybatis.org/dtd/mybatis-3-mapper.dtd">

<mapper namespace="hanbang.store.mapper.MemberMapper">

	<resultMap type="Member" id="MemberMap">
		<id property="id" column="memberId" />
		<result property="name" column="name" />
		<result property="phoneNumber" column="phoneNumber" />
		<result property="email" column="email" />
		<result property="memberTypeId" column="memberType" />
	</resultMap>

	<insert id="create" parameterType="Member">
		INSERT INTO MEMBER_TB(MEMBERID
		, PASSWORD, NAME, PHONENUMBER, EMAIL, MEMBERTYPE)
		VALUES(#{id} ,
		#{password}, #{name}, #{phoneNumber}, #{email},
		#{memberTypeId})
	</insert>

	<select id="retriveAll" resultType="Member" resultMap="MemberMap">
		SELECT MEMBERID, MEMBERTYPE,
		NAME, PHONENUMBER
		FROM MEMBER_TB
	</select>

	<select id="retrive" parameterType="String" resultType="Member">
		SELECT
		MEMBERID as id, PASSWORD, NAME, PHONENUMBER, EMAIL,
		MEMBERTYPE as memberTypeId
		FROM MEMBER_TB
		WHERE memberId = #{id}
	</select>

	<update id="update" parameterType="Member">
		update member_tb
		set password =
		#{password}, phoneNumber = #{phoneNumber}, email = #{email}
		where
		memberId = #{id}
	</update>

	<delete id="delete" parameterType="String">
		DELETE FROM MEMBER_TB
		WHERE
		MEMBERID = #{id}
	</delete>
	
	<select id="retriveByMemberType" parameterType="int" resultMap="MemberMap">
		SELECT
		MEMBERID, PASSWORD, NAME, PHONENUMBER, EMAIL,
		MEMBERTYPE as memberTypeId
		FROM MEMBER_TB
		WHERE memberType = #{memberTypeId}
	</select>

</mapper>